Business Unit,Lines of Business,Revenue_LastFiscalYear_BillionUSD
Global Consumer Services Group,Consumer Card Services,15.2
Global Consumer Services Group,Travel and Lifestyle Services,3.5
Global Consumer Services Group,Membership Rewards Programs,2.8
Global Commercial Services,Corporate Card Services,9.1
Global Commercial Services,Business Financing Solutions,4.7
Global Commercial Services,Expense Management Tools,3.2
Global Merchant and Network Services,Merchant Acquisition Services,6.4
Global Merchant and Network Services,Network Services,5.3
Global Merchant and Network Services,Payment Processing Solutions,4.9
