Business Unit,Lines of Business,Revenue_LastFiscalYear_B
Personal & Commercial Banking,Personal Banking,15.2
Personal & Commercial Banking,Commercial Banking,8.3
Wealth Management,Private Banking,5.1
Wealth Management,Asset Management,3.7
Wealth Management,Trust Services,2.4
Insurance,Life Insurance,2.9
Insurance,Property & Casualty Insurance,1.8
Investor & Treasury Services,Custody Services,1.5
Investor & Treasury Services,Treasury Services,1.1
Capital Markets,Trading,6.4
Capital Markets,Investment Banking,4.2
Capital Markets,Corporate Finance,3.5
