ou,tier1,tier2,use_case,strategic_relevance,operational_pain,feasibility,why
Ford Global Data Insights & Analytics (GDIA),AI,AI for Data & Analytics,"ML/GenAI for analytics, fraud, forecasting, NLP, decisions.",5,4,5,"Core to GDIA's mission of building ML models for product, manufacturing, and customer insights, driving strategic analytics and decision-making capabilities."
Ford Global Data Insights & Analytics (GDIA),Automation,Data Pipeline Management,"Automate ETL/ELT, ingestion, DataOps, quality gates.",5,4,5,Critical for managing data pipelines and ensuring data quality and availability for ML and analytics applications.
Ford Global Data Insights & Analytics (GDIA),Observability,Data Observability,Data quality/lineage/freshness telemetry.,4,4,5,"Critical to monitor and maintain the integrity and freshness of data used in analytics and ML models, reducing operational risks."
Ford Global Data Insights & Analytics (GDIA),AI,AI Risk & Governance,"Model risk mgmt, governance, fairness, compliance.",4,4,4,"Ensures responsible use of AI models, addressing governance and compliance vital to large enterprise data and analytics teams."
Ford Global Data Insights & Analytics (GDIA),Orchestration,IT Systems Orchestration,"Batch/workload orchestration (e.g., Control-M).",4,3,5,"Enables reliable scheduling and orchestration of ML pipelines and batch analytics workloads, essential for operational stability."
Ford Developer Co-Pilot & AI Enablement,AI,Continuous Integration and Continuous Delivery,"Continuous Integration and Continuous Deployment (or Continuous Delivery) — a set of modern software development practices designed to improve the speed, quality, and reliability of software delivery.",5,5,5,"For Ford Developer Co-Pilot & AI Enablement, enabling AI-enhanced engineering co-pilots directly supports modernizing software development processes. Continuous Integration and Continuous Deployment are core to improving developer productivity, software quality, and release speed"
Ford Developer Co-Pilot & AI Enablement,AI,AI-Augmented Software Development,"Artificial intelligence to enhance the software development lifecycle — from design and coding to testing, deployment, and maintenance. It covers tools and systems that help developers write, optimize, and debug code faster using machine learning and natural language processing.",5,4,5,"Core to the unit's mission; AI-powered dev acceleration directly impacts productivity and quality, feasible with current tech trends."
Ford Developer Co-Pilot & AI Enablement,AI,AI-Enhanced Engineering & Co-Pilots,"Dev co-pilots, code insight, test gen, agentic DevOps.",5,4,5,"Central to the org's defined scope; deploying AI copilots to assist engineers reduces manual effort and error, with realistic adoption potential."
Ford Developer Co-Pilot & AI Enablement,Automation,Dev & Platform Automation,"CI/CD, IaC, containers, platform engineering.",4,4,5,"Streamlining dev pipelines complements AI co-pilot capabilities, addressing operational bottlenecks with mature tools and processes."
Ford Developer Co-Pilot & AI Enablement,Orchestration,API/Webhook Orchestration,Expose/consume APIs/webhooks to control flows.,3,3,5,"Enabling dynamic integrations and extensibility is key for scalable AI co-pilot and dev workflows, readily implementable in 12–24 months."
Ford AI Governance & Responsible AI Office,AI,AI Risk & Governance,"Model risk mgmt, governance, fairness, compliance.",5,5,4,"Core to office mission; critical for defining AI policies, managing model risks, addressing fairness, and ensuring compliance across AI lifecycle."
Ford AI Governance & Responsible AI Office,Risk & Compliance,Consent Order Remediation & Audit Readiness,"Remediate findings, enforce controls, prove adherence.",5,4,4,"Vital for operationalizing compliance controls, managing risks timely, and demonstrating policy adherence throughout AI usage."
Ford AI Governance & Responsible AI Office,AI,AI-Augmented Software Development,"Artificial intelligence to enhance the software development lifecycle — from design and coding to testing, deployment, and maintenance. It covers tools and systems that help developers write, optimize, and debug code faster using machine learning and natural language processing.",5,4,4,"This use case aligns closely with AI Governance and Responsible AI as it supports the development of AI models with embedded governance controls, enabling bias detection, compliance, and quality assurance throughout the model lifecycle, which is central to Ford's AI risk manageme"
Ford AI Governance & Responsible AI Office,Risk & Compliance,Data Security & Governance,Data protection/masking/governance policies.,4,5,4,"Ensures sensitive AI data is secure and governed properly, which is essential for regulatory compliance and bias mitigation."
Ford AI Governance & Responsible AI Office,Risk & Compliance,Operational Risk & Controls,SLA/change/operational risk controls & reporting.,3,3,4,"Important for tracking risks and service level performance related to AI models, enabling proactive governance and management."
Ford Intelligent Operations Center (IOC),AI,AIOps & Intelligent Incident Response,"AI anomaly detection, alert reduction, incident response.",5,5,5,"Core to IOC's mission to detect anomalies, reduce alerts, and auto-triage incidents, directly improving MTTR and operational efficiency with proven ML applications."
Ford Intelligent Operations Center (IOC),Observability,Hybrid/Cloud Visibility,APM/logs/traces/SLOs across hybrid.,5,4,4,"Crucial for correlating metrics and traces across hybrid environments to enhance incident response and observability, enabling better anomaly detection and root cause analysis."
Ford Intelligent Operations Center (IOC),Automation,Workflow & Process Automation,"Automate business/IT workflows, approvals, RPA-like tasks.",4,4,5,"Enables streamlined incident handling and operational tasks automation, reducing manual toil and accelerating resolution processes at IOC."
Ford Intelligent Operations Center (IOC),Orchestration,Cross-Functional Orchestration,End-to-end process orchestration spanning IT + business.,4,3,4,"Facilitates coordinated workflows and cascading incident responses across systems, improving comprehensive operational effectiveness within Ford IOC."
Ford Intelligent Operations Center (IOC),AI,AI-Augmented Software Development,"Artificial intelligence to enhance the software development lifecycle — from design and coding to testing, deployment, and maintenance. It covers tools and systems that help developers write, optimize, and debug code faster using machine learning and natural language processing.",3,3,4,"Improves developer productivity and software quality, complementary to IOC's emphasis on robust software and faster incident remediation through smarter dev cycles."
Ford Business Process Automation COE,Automation,Workflow & Process Automation,"Automate business/IT workflows, approvals, RPA-like tasks.",5,5,5,"Core to COE mandate; standardizes and automates finance, HR, dealer ops workflows to reduce manual effort and errors, boosting efficiency and compliance rapidly."
Ford Business Process Automation COE,Orchestration,Cross-Functional Orchestration,End-to-end process orchestration spanning IT + business.,4,4,4,"Enables holistic automation from front to back office, improving visibility and control, supporting COE’s mission to standardize workflow patterns and governance."
Ford Business Process Automation COE,Risk & Compliance,Operational Risk & Controls,SLA/change/operational risk controls & reporting.,4,4,4,"Essential for governance of automated processes, ensuring operational risk is controlled and compliant, aligning with COE’s governance and standardization goals."
Ford Business Process Automation COE,Orchestration,API/Webhook Orchestration,Expose/consume APIs/webhooks to control flows.,3,3,4,"Integrates automation solutions with existing systems via APIs/webhooks, enhancing bot and workflow interoperability key to scaling automation at Ford."
Ford Business Process Automation COE,Automation,Data Pipeline Management,"Automate ETL/ELT, ingestion, DataOps, quality gates.",3,3,4,"Supports automated data flows underpinning finance and HR workflows, improving data readiness and quality essential for reliable RPA outcomes."
Ford Data Pipeline Engineering & Orchestration,Automation,Data Pipeline Management,"Automate ETL/ELT, ingestion, DataOps, quality gates.",5,5,5,"Core to building and managing ETL/ELT pipelines, critical for data ingestion, quality and SLA management, with high feasibility due to existing pipelining frameworks."
Ford Data Pipeline Engineering & Orchestration,Orchestration,IT Systems Orchestration,"Batch/workload orchestration (e.g., Control-M).",4,4,5,"Essential for scheduling and orchestrating batch data workflows with SLA and recovery focus, enabling automation and coordination across tasks."
Ford Data Pipeline Engineering & Orchestration,Observability,Data Observability,Data quality/lineage/freshness telemetry.,4,4,4,"Monitoring data quality, lineage, and freshness is vital to meet SLAs and ensure reliability of pipelines, with growing adoption of observability tools."
Ford Data Pipeline Engineering & Orchestration,Automation,Workflow & Process Automation,"Automate business/IT workflows, approvals, RPA-like tasks.",3,3,4,Automating handoffs and approvals in data pipeline management reduces manual errors and delays and is feasible to expand within 1-2 years.
Ford Data Pipeline Engineering & Orchestration,Orchestration,Multi-Cloud Workload Orchestration,Coordinate workloads across clouds.,3,3,3,"With pipelines spanning multiple cloud platforms and on-prem, orchestrating cross-cloud workloads supports scalability and SLA fulfillment, though complexity is moderate."
Ford Platform Automation & Toolchain,Automation,Dev & Platform Automation,"CI/CD, IaC, containers, platform engineering.",5,5,5,"Core to the unit's mission providing reusable CI templates and IaC modules, directly enabling platform engineering and release automation, crucial for reducing toil."
Ford Platform Automation & Toolchain,AI,Continuous Integration and Continuous Delivery,"Continuous Integration and Continuous Deployment (or Continuous Delivery) — a set of modern software development practices designed to improve the speed, quality, and reliability of software delivery.",5,5,5,"Fundamental practice the unit supports and enhances, accelerating software delivery by automating build, test, and deploy pipelines for app teams."
Ford Platform Automation & Toolchain,Automation,Workflow & Process Automation,"Automate business/IT workflows, approvals, RPA-like tasks.",4,4,4,"Addresses toil by automating repetitive tasks and approvals across development platforms, enabling higher operational efficiency."
Ford Platform Automation & Toolchain,Modernization,Platform/SRE Modernization,"SRE patterns, reliability engineering, toil reduction.",4,4,4,Aligns with goal of reducing toil and improving platform reliability by adopting SRE best practices and engineering principles.
Ford Platform Automation & Toolchain,Orchestration,Event-Driven Scheduling,Kafka/events/webhooks as triggers.,3,3,4,Supports release automation and platform engineering by leveraging event-driven mechanisms to orchestrate CI/CD pipelines and infrastructure workflows.
Ford Application Development Studio,AI,Continuous Integration and Continuous Delivery,"Continuous Integration and Continuous Deployment (or Continuous Delivery) — a set of modern software development practices designed to improve the speed, quality, and reliability of software delivery.",5,5,5,"CI/CD is core to modern app development enabling rapid, reliable releases essential for fast iterations and meeting customer expectations."
Ford Application Development Studio,AI,AI-Augmented Software Development,"Artificial intelligence to enhance the software development lifecycle — from design and coding to testing, deployment, and maintenance. It covers tools and systems that help developers write, optimize, and debug code faster using machine learning and natural language processing.",5,4,4,"AI-enhanced development accelerates innovation in digital retail, connected vehicle, and mobile apps, improving speed and quality key to competitiveness and time-to-market."
Ford Application Development Studio,Modernization,Application Modernization,"Refactor/replatform, microservices, containers.",5,4,4,"Microservices and containerization underpin highly scalable, modular architectures essential for connected vehicle and mobile app ecosystems."
Ford Application Development Studio,Automation,Dev & Platform Automation,"CI/CD, IaC, containers, platform engineering.",4,4,5,"Automation in infrastructure as code, container orchestration, and platform engineering supports scalable and consistent application delivery."
Ford Application Development Studio,Orchestration,API/Webhook Orchestration,Expose/consume APIs/webhooks to control flows.,4,3,5,API/webhook orchestration enables integration and real-time interactions essential to connected vehicles and mobile experiences.
Ford Cloud Migration & Hybrid Ops Program,Modernization,Cloud Migration & Hybrid Ops,Migrate to cloud/hybrid and operate across estates.,5,5,5,"Core to the program’s mission is migrating workloads to AWS/Azure and managing hybrid plant systems, making this the highest priority and fully feasible within 12-24 months."
Ford Cloud Migration & Hybrid Ops Program,Orchestration,Multi-Cloud Workload Orchestration,Coordinate workloads across clouds.,5,4,5,"Essential for efficient hybrid ops to coordinate workloads seamlessly across AWS, Azure, and on-prem systems, addressing operational needs and feasible given existing cloud investments."
Ford Cloud Migration & Hybrid Ops Program,Automation,Dev & Platform Automation,"CI/CD, IaC, containers, platform engineering.",4,4,5,"Modern platform engineering with CI/CD and containers supports faster and reliable cloud migration and operations, critical for program success and highly achievable soon."
Ford Cloud Migration & Hybrid Ops Program,Observability,Hybrid/Cloud Visibility,APM/logs/traces/SLOs across hybrid.,4,4,4,"Visibility across hybrid environments is needed for reliable operations and monitoring, reducing incidents and operational risk with moderate complexity to implement."
Ford Cloud Migration & Hybrid Ops Program,AI,Continuous Integration and Continuous Delivery,"Continuous Integration and Continuous Deployment (or Continuous Delivery) — a set of modern software development practices designed to improve the speed, quality, and reliability of software delivery.",4,3,5,"Automating software delivery pipelines aligns with cloud native development best practices, improving quality and speed, and is highly feasible given available tools and skilled teams."
Ford Legacy Application Modernization Initiative,Modernization,Application Modernization,"Refactor/replatform, microservices, containers.",5,5,4,"Core to decomposing monoliths, containerizing services, and modernizing legacy apps critical for Ford Pro, Blue, and Credit systems."
Ford Legacy Application Modernization Initiative,AI,Continuous Integration and Continuous Delivery,"Continuous Integration and Continuous Deployment (or Continuous Delivery) — a set of modern software development practices designed to improve the speed, quality, and reliability of software delivery.",5,4,5,"Enables faster, reliable software delivery, critical for refactoring applications and containerized microservices adoption."
Ford Legacy Application Modernization Initiative,Automation,Dev & Platform Automation,"CI/CD, IaC, containers, platform engineering.",4,4,5,Automates containerized deployments and platform engineering key to modernizing legacy applications and operationalizing microservices.
Ford Legacy Application Modernization Initiative,Modernization,Cloud Migration & Hybrid Ops,Migrate to cloud/hybrid and operate across estates.,4,4,4,"Supports migration of legacy apps to cloud/hybrid environments, essential for modern scalable operations and infrastructure agility."
Ford Legacy Application Modernization Initiative,AI,AI-Augmented Software Development,"Artificial intelligence to enhance the software development lifecycle — from design and coding to testing, deployment, and maintenance. It covers tools and systems that help developers write, optimize, and debug code faster using machine learning and natural language processing.",3,3,4,"Enhances developer productivity and quality in refactoring and modernizing legacy codebases, aiding modernization efforts."
Ford Mainframe Modernization Office,Modernization,Application Modernization,"Refactor/replatform, microservices, containers.",5,5,4,"Core to the unit's mission to replatform legacy COBOL/IMS systems by adopting modern architectures, enabling API/event exposure and modernization impact across finance and supply chain."
Ford Mainframe Modernization Office,Orchestration,API/Webhook Orchestration,Expose/consume APIs/webhooks to control flows.,5,4,5,"Exposing mainframe functions as APIs/webhooks is critical to unlocking legacy system value and enabling hybrid integration, key for modernization success."
Ford Mainframe Modernization Office,Observability,Mainframe Monitoring,"z/OS, CICS, IMS, DB2 performance/health.",4,5,4,"Critical to ensure ongoing reliability and health of legacy mainframe systems during and after modernization efforts, directly impacting operational risk."
Ford Mainframe Modernization Office,Orchestration,Event-Driven Scheduling,Kafka/events/webhooks as triggers.,4,4,5,Leveraging event streams and APIs for integration and triggering workflows is essential for modern mainframe event-driven modernization and operational agility.
Ford Mainframe Modernization Office,Automation,Dev & Platform Automation,"CI/CD, IaC, containers, platform engineering.",4,4,5,"Implementing continuous integration and platform automation improves software delivery speed and quality, enabling effective modernization of mainframe applications."
Ford Cloud & Hybrid Observability Services,Observability,Hybrid/Cloud Visibility,APM/logs/traces/SLOs across hybrid.,5,5,5,"Core to providing end-to-end telemetry and unified visibility for Kubernetes, cloud, and on-prem environments, which the unit specializes in. High strategic importance and strong feasibility within 12-24 months."
Ford Cloud & Hybrid Observability Services,Modernization,Cloud Migration & Hybrid Ops,Migrate to cloud/hybrid and operate across estates.,5,4,4,"Supports hybrid/cloud observability by enabling migration and unified operations across estates, critical for cloud/hybrid visibility and telemetry expansion."
Ford Cloud & Hybrid Observability Services,AI,AIOps & Intelligent Incident Response,"AI anomaly detection, alert reduction, incident response.",4,5,4,Enhancing incident detection and response with AI addresses operational pain by reducing alert fatigue and improving reliability in observability.
Ford Cloud & Hybrid Observability Services,Observability,SLO/Cost (FinOps) Observability,SLO tracking with cost/FinOps telemetry.,4,4,4,"SLO and cost telemetry tightly integrate with observability, supporting reliability engineering and cost optimization for hybrid/cloud workloads."
Ford Cloud & Hybrid Observability Services,Orchestration,Multi-Cloud Workload Orchestration,Coordinate workloads across clouds.,4,4,4,Supports hybrid/cloud environments by orchestrating workloads across multiple clouds for unified observability and efficient operations.
Ford Data Quality & Observability Guild,Observability,Data Observability,Data quality/lineage/freshness telemetry.,5,5,5,"Core to Ford's data monitoring strategy with direct focus on freshness, lineage, schema drift, and SLA breaches, making this highly strategic, urgent, and feasible within 12–24 months."
Ford Data Quality & Observability Guild,Automation,Data Pipeline Management,"Automate ETL/ELT, ingestion, DataOps, quality gates.",4,4,5,"Automating data pipelines including quality gates is essential to improve timeliness and quality of data delivery, reducing manual errors and operational friction."
Ford Data Quality & Observability Guild,Risk & Compliance,Operational Risk & Controls,SLA/change/operational risk controls & reporting.,4,4,4,"Monitoring SLA adherence and operational risk is critical to maintain business continuity and compliance, aligning with the guild's observability focus."
Ford Data Quality & Observability Guild,AI,AIOps & Intelligent Incident Response,"AI anomaly detection, alert reduction, incident response.",3,4,4,Using AI to detect anomalies and reduce alert noise improves operational efficiency and proactive incident handling relevant to observability challenges.
Ford Data Quality & Observability Guild,Risk & Compliance,Data Security & Governance,Data protection/masking/governance policies.,3,3,4,"Ensuring data governance and protection supports compliance and trust in data observability, making it an important complementary use case."
Ford FinOps & SLO Analytics,Observability,SLO/Cost (FinOps) Observability,SLO tracking with cost/FinOps telemetry.,5,5,5,"Core to tracking service levels and cost simultaneously, enabling decision making on cost/performance trade-offs, critical for Ford FinOps & SLO Analytics success."
Ford FinOps & SLO Analytics,Automation,Infrastructure Optimization,"Cost/right-size, storage optimization, FinOps hooks.",5,5,4,"Automating right-sizing and storage optimization directly reduces costs and improves efficiency, key for operational pain points in cloud spend management."
Ford FinOps & SLO Analytics,Observability,Hybrid/Cloud Visibility,APM/logs/traces/SLOs across hybrid.,4,4,4,Visibility into performance and reliability across hybrid cloud environments complements FinOps by surfacing actionable telemetry and supports SLO and cost management.
Ford FinOps & SLO Analytics,Modernization,Platform/SRE Modernization,"SRE patterns, reliability engineering, toil reduction.",4,4,4,"Incorporating SRE best practices enhances reliability and reduces manual toil, aligning well with SLO focus and operational excellence goals."
Ford FinOps & SLO Analytics,AI,AIOps & Intelligent Incident Response,"AI anomaly detection, alert reduction, incident response.",3,4,3,"AI-driven anomaly detection and alert reduction improve incident response efficiency, enhancing observability and reducing noise in monitoring systems."
Ford Enterprise IT Orchestration Services,Automation,IT Operations Automation,"Runbooks, patching, backups, maintenance.",5,5,5,Core to automating cross-system runbooks and maintenance workflows ensuring system reliability and reducing manual intervention in IT operations.
Ford Enterprise IT Orchestration Services,Orchestration,Cross-Functional Orchestration,End-to-end process orchestration spanning IT + business.,5,4,4,"Coordinates deployments across plants and IT, critical for streamlining cross-system and cross-team orchestration that spans operational and business functions."
Ford Enterprise IT Orchestration Services,Orchestration,API/Webhook Orchestration,Expose/consume APIs/webhooks to control flows.,4,4,5,"Enables flexible, event-driven integration between systems and components essential for IT orchestration workflows and automation at scale."
Ford Enterprise IT Orchestration Services,Automation,Workflow & Process Automation,"Automate business/IT workflows, approvals, RPA-like tasks.",4,4,5,Automating IT change workflows and approval processes reduces manual effort and accelerates response times necessary for enterprise IT orchestration.
Ford Enterprise IT Orchestration Services,Orchestration,IT Systems Orchestration,"Batch/workload orchestration (e.g., Control-M).",4,4,5,"Critical for scheduling and coordinating batch jobs and workloads across systems, matching the unit’s needs for orchestrated automation across IT and plant deployments."
Ford Event Scheduling Platform,Orchestration,Event-Driven Scheduling,Kafka/events/webhooks as triggers.,5,5,5,"Kafka-triggered jobs are core to the platform's event-driven scheduling, enabling highly responsive and scalable telemetry processing flows."
Ford Event Scheduling Platform,Orchestration,IT Systems Orchestration,"Batch/workload orchestration (e.g., Control-M).",4,4,5,Batch and workload orchestration ensures effective coordination and scheduling of telemetry processing micro-batches across distributed systems.
Ford Event Scheduling Platform,Modernization,Application Modernization,"Refactor/replatform, microservices, containers.",4,4,4,Modernizing via microservices and containers supports scalable deployments and improves maintainability of event-driven telemetry pipelines.
Ford Event Scheduling Platform,Automation,Data Pipeline Management,"Automate ETL/ELT, ingestion, DataOps, quality gates.",4,4,4,Automating data ingestion and quality controls is vital for telemetry processing accuracy and operational efficiency.
Ford Event Scheduling Platform,Observability,Data Observability,Data quality/lineage/freshness telemetry.,4,4,4,Observability into data quality and freshness is critical to ensure timely and accurate telemetry insights and to prevent downstream issues.
Ford API & Webhook Orchestration Team,Orchestration,API/Webhook Orchestration,Expose/consume APIs/webhooks to control flows.,5,5,5,"Core function managing partner and dealer webhooks, ensuring reliable API and webhook interactions with idempotency, retries, and routing policies."
Ford API & Webhook Orchestration Team,Orchestration,Event-Driven Scheduling,Kafka/events/webhooks as triggers.,4,4,5,"Using events/webhooks as triggering mechanisms supports responsive orchestration, critical to real-time partner and dealer communications."
Ford API & Webhook Orchestration Team,Orchestration,Cross-Functional Orchestration,End-to-end process orchestration spanning IT + business.,4,3,4,Integrating API/webhook orchestration into broader enterprise processes improves operational efficiency and cross-team coordination.
Ford API & Webhook Orchestration Team,Automation,Workflow & Process Automation,"Automate business/IT workflows, approvals, RPA-like tasks.",3,4,4,"Automation of workflows related to API/webhook handling can reduce manual intervention and errors, enhancing scalability."
Ford API & Webhook Orchestration Team,Observability,SLO/Cost (FinOps) Observability,SLO tracking with cost/FinOps telemetry.,3,4,4,Monitoring service level objectives and costs tied to API/webhook orchestration is essential for performance and financial optimization.
Ford Cyber Defense & Compliance,Risk & Compliance,Consent Order Remediation & Audit Readiness,"Remediate findings, enforce controls, prove adherence.",5,5,5,"Core to unit mandate, critical to addressing vulnerabilities and ensuring regulatory compliance with achievable adoption within 12–24 months."
Ford Cyber Defense & Compliance,AI,AIOps & Intelligent Incident Response,"AI anomaly detection, alert reduction, incident response.",5,5,4,"Enhances threat detection and incident response, directly reducing operational pain with realistic feasibility given AI capabilities."
Ford Cyber Defense & Compliance,Risk & Compliance,Cyber Resilience & Compliance (incl. Security),"Zero Trust, PAM, DR/BCP, policy enforcement.",5,5,4,"Foundational security for cyber resilience and compliance, directly addresses urgent risks, with feasible implementation in the near term."
Ford Cyber Defense & Compliance,Risk & Compliance,Operational Risk & Controls,SLA/change/operational risk controls & reporting.,4,4,5,"Vital for operational risk management, improving control and reporting to meet compliance demands with high feasibility."
Ford Cyber Defense & Compliance,Risk & Compliance,Regulatory Reporting & Evidence,Automate data/controls/evidence for CCAR/DFAST/Basel.,4,4,4,"Automating compliance workflows reduces manual effort, increases accuracy and speeds regulatory adherence, feasible with current automation tech."
Ford Regulatory Reporting & Evidence Office,Risk & Compliance,Consent Order Remediation & Audit Readiness,"Remediate findings, enforce controls, prove adherence.",5,5,4,"Core to producing and validating audit artifacts; critical for SOX, emissions, and safety reporting compliance with centralized evidence control."
Ford Regulatory Reporting & Evidence Office,Observability,Data Observability,Data quality/lineage/freshness telemetry.,4,5,4,Ensuring data quality and lineage is essential for trustworthy evidence and accurate regulatory reporting; observability supports audit artifacts integrity.
Ford Regulatory Reporting & Evidence Office,Risk & Compliance,Operational Risk & Controls,SLA/change/operational risk controls & reporting.,4,4,5,Managing operational risk and controls reporting is vital to maintain audit readiness and regulatory compliance within the office.
Ford Regulatory Reporting & Evidence Office,Risk & Compliance,Regulatory Reporting & Evidence,Automate data/controls/evidence for CCAR/DFAST/Basel.,4,4,4,"Automation of control data and evidence production reduces manual workload, increases accuracy, and accelerates regulatory report delivery."
Ford Regulatory Reporting & Evidence Office,Orchestration,Cross-Functional Orchestration,End-to-end process orchestration spanning IT + business.,4,4,4,Orchestrating processes from data collection to evidence production improves control testing efficiency and aligns IT-business workflows.
Ford Data Security & Governance Council,Risk & Compliance,Data Security & Governance,Data protection/masking/governance policies.,5,5,4,"Core to council's mission setting policies on data protection, masking, and governance ensures secure data handling and compliance with regulations."
Ford Data Security & Governance Council,Risk & Compliance,Cyber Resilience & Compliance (incl. Security),"Zero Trust, PAM, DR/BCP, policy enforcement.",5,5,3,Key to securing data access and resilience against cyber threats aligning with council’s governance responsibilities.
Ford Data Security & Governance Council,Risk & Compliance,Consent Order Remediation & Audit Readiness,"Remediate findings, enforce controls, prove adherence.",5,4,4,"Essential for closing compliance gaps, enforcing governance controls, and demonstrating adherence to policies in a timely manner."
Ford Data Security & Governance Council,Risk & Compliance,Operational Risk & Controls,SLA/change/operational risk controls & reporting.,4,4,4,Supports operational risk management and reporting which underpin governance and risk controls critical to data security.
Ford Data Security & Governance Council,Observability,Data Observability,Data quality/lineage/freshness telemetry.,4,3,4,Visibility into data lineage and quality supports governance forums in effective stewardship and compliance assurance.
Ford Connected Vehicle Insights AI,Automation,Data Pipeline Management,"Automate ETL/ELT, ingestion, DataOps, quality gates.",5,5,5,Efficient ingestion and processing of vehicle telemetry and customer data is critical for timely insights and model accuracy.
Ford Connected Vehicle Insights AI,AI,AI for Data & Analytics,"ML/GenAI for analytics, fraud, forecasting, NLP, decisions.",5,4,5,Core predictive modeling on vehicle telemetry and customer data to optimize services and uptime directly relies on advanced ML/GenAI analytics capabilities.
Ford Connected Vehicle Insights AI,Observability,Data Observability,Data quality/lineage/freshness telemetry.,4,4,5,"Monitoring data quality and freshness ensures reliability and trust in predictive models, critical to vehicle uptime optimization."
Ford Connected Vehicle Insights AI,AI,AI Risk & Governance,"Model risk mgmt, governance, fairness, compliance.",4,3,4,Ensuring model governance and compliance is key to maintain regulatory compliance and trustworthiness in AI insights.
Ford Connected Vehicle Insights AI,Orchestration,Event-Driven Scheduling,Kafka/events/webhooks as triggers.,3,4,5,Event-driven processing of vehicle telemetry supports real-time responsiveness and scalable predictive service workflows.
Ford Intelligent Incident Response,AI,AIOps & Intelligent Incident Response,"AI anomaly detection, alert reduction, incident response.",5,5,4,"Core to Intelligent Incident Response using ML to detect anomalies, reduce alerts, and automate incident processes, highly relevant and urgent, with strong feasibility given current AI capabilities."
Ford Intelligent Incident Response,Automation,Workflow & Process Automation,"Automate business/IT workflows, approvals, RPA-like tasks.",4,4,5,"Automating workflows and IT operations supports intelligent incident response through faster resolution and reduced manual intervention, highly feasible with current automation tools."
Ford Intelligent Incident Response,Observability,Hybrid/Cloud Visibility,APM/logs/traces/SLOs across hybrid.,4,4,4,"Monitoring hybrid IT and plant systems is crucial to ensure visibility for proactive incident detection and diagnosis, enabling intelligent incident response and operational continuity."
Ford Intelligent Incident Response,Orchestration,Cross-Functional Orchestration,End-to-end process orchestration spanning IT + business.,4,3,4,"Coordinating workflows between IT and business processes supports incident response effectiveness and remediation, critical for integrated operations in industrial environments."
Ford Intelligent Incident Response,AI,AI for Data & Analytics,"ML/GenAI for analytics, fraud, forecasting, NLP, decisions.",3,3,4,"Use of ML and AI analytics enhances anomaly detection and decision-making in incident response, enabling predictive insights and smarter remediations."
Ford Manufacturing Workflow Automation,Automation,Workflow & Process Automation,"Automate business/IT workflows, approvals, RPA-like tasks.",5,5,5,"Core to automating approvals, quality gates, logistics workflows end-to-end, addressing critical operational pain with high feasibility and strategic impact."
Ford Manufacturing Workflow Automation,Orchestration,Cross-Functional Orchestration,End-to-end process orchestration spanning IT + business.,5,4,4,"Seamless orchestration across IT and business processes is strategic to align manufacturing operations and streamline workflows, reducing delays and errors."
Ford Manufacturing Workflow Automation,Automation,Data Pipeline Management,"Automate ETL/ELT, ingestion, DataOps, quality gates.",4,4,4,"Automating data ingestion and quality validation is key to trustworthy manufacturing data pipelines, supporting process automation and operational efficiency."
Ford Manufacturing Workflow Automation,Orchestration,Event-Driven Scheduling,Kafka/events/webhooks as triggers.,4,4,4,Using event-driven triggers enables real-time workflow automation and agile response in manufacturing supply chain and quality gates.
Ford Manufacturing Workflow Automation,Modernization,Cloud Migration & Hybrid Ops,Migrate to cloud/hybrid and operate across estates.,3,3,4,"Modernizing by migrating workflows and automation layers to cloud or hybrid environments increases scalability, agility, and integration capability over 12–24 months."
Ford Infrastructure Efficiency & Optimization,Automation,Infrastructure Optimization,"Cost/right-size, storage optimization, FinOps hooks.",5,5,5,"Core to reducing infrastructure costs by automating right-sizing and storage optimization, aligning perfectly with the unit's goal to improve performance and cost efficiency."
Ford Infrastructure Efficiency & Optimization,Automation,IT Operations Automation,"Runbooks, patching, backups, maintenance.",4,4,5,"Automating operational tasks like patching and backups reduces manual toil and operational risks, improving efficiency and reliability of infrastructure."
Ford Infrastructure Efficiency & Optimization,Orchestration,Multi-Cloud Workload Orchestration,Coordinate workloads across clouds.,4,4,4,"Essential for managing hybrid and multi-cloud environments to optimize resource placement and utilization at Ford, supporting infrastructure scalability and flexibility."
Ford Infrastructure Efficiency & Optimization,Modernization,Cloud Migration & Hybrid Ops,Migrate to cloud/hybrid and operate across estates.,4,3,4,"Supports cloud adoption to modernize infrastructure, enabling enhanced elasticity and cost optimization critical to infrastructure efficiency initiatives."
Ford Infrastructure Efficiency & Optimization,Observability,Hybrid/Cloud Visibility,APM/logs/traces/SLOs across hybrid.,3,4,4,"Visibility into performance and service-level metrics across hybrid environments helps identify optimization opportunities and bottlenecks, improving operational efficiency."
Ford Digital Product Engineering Hub,Automation,Dev & Platform Automation,"CI/CD, IaC, containers, platform engineering.",5,5,5,"Continuous integration and delivery pipelines are critical for fast, reliable software delivery for Ford’s digital products. This will reduce operational pain related to release delays and improve deployment quality."
Ford Digital Product Engineering Hub,AI,AI-Augmented Software Development,"Artificial intelligence to enhance the software development lifecycle — from design and coding to testing, deployment, and maintenance. It covers tools and systems that help developers write, optimize, and debug code faster using machine learning and natural language processing.",5,4,4,"AI-augmented software development is key to accelerating delivery and improving the quality of apps and services Ford delivers to customers, dealers, and vehicles. It aligns closely with the unit’s goals for modernization and innovation."
Ford Digital Product Engineering Hub,Observability,Hybrid/Cloud Visibility,APM/logs/traces/SLOs across hybrid.,4,5,4,"Full-stack observability for hybrid and cloud environments is essential to detect and resolve issues early, ensuring performance and reliability of the digital product ecosystem."
Ford Digital Product Engineering Hub,Modernization,Cloud Migration & Hybrid Ops,Migrate to cloud/hybrid and operate across estates.,4,4,4,"Cloud migration is core to modern app architectures powering customer, dealer, and vehicle experiences, enabling scalability, agility, and cost efficiencies."
Ford Digital Product Engineering Hub,Automation,Workflow & Process Automation,"Automate business/IT workflows, approvals, RPA-like tasks.",3,4,5,"Automating workflows and approvals reduces manual errors and accelerates processes in software engineering and business operations, improving efficiency and responsiveness."
Ford Platform Reliability Modernization,Modernization,Platform/SRE Modernization,"SRE patterns, reliability engineering, toil reduction.",5,5,5,"Core to evolving SRE practices that directly improve platform reliability and reduce manual toil, crucial for system uptime and operational efficiency."
Ford Platform Reliability Modernization,Automation,Dev & Platform Automation,"CI/CD, IaC, containers, platform engineering.",5,4,5,"Modern DevOps practices like CI/CD and IaC are essential to enable fast, reliable deployments and infrastructure management aligning with modernization goals."
Ford Platform Reliability Modernization,Automation,IT Operations Automation,"Runbooks, patching, backups, maintenance.",4,5,5,"Automating operational runbooks and maintenance tasks reduces incident response time and manual errors, improving recovery and platform reliability."
Ford Platform Reliability Modernization,Observability,SLO/Cost (FinOps) Observability,SLO tracking with cost/FinOps telemetry.,4,4,4,"Tracking reliability targets (SLOs) with cost telemetry supports balancing reliability improvements within budget constraints, aiding operational decision-making."
Ford Platform Reliability Modernization,Observability,Hybrid/Cloud Visibility,APM/logs/traces/SLOs across hybrid.,4,4,4,"Visibility across hybrid environments is key to identifying and resolving incidents promptly, directly enhancing reliability and operational insights."
Ford Mainframe Monitoring Services,Observability,Mainframe Monitoring,"z/OS, CICS, IMS, DB2 performance/health.",5,5,5,"Core to the unit's function, monitoring key mainframe systems with transaction tracing is critical for uptime and performance; existing expertise ensures high feasibility."
Ford Mainframe Monitoring Services,Automation,IT Operations Automation,"Runbooks, patching, backups, maintenance.",4,4,5,"Automating mainframe operational tasks reduces manual toil and errors, improving responsiveness and reliability, with high feasibility leveraging existing process knowledge."
Ford Mainframe Monitoring Services,Orchestration,IT Systems Orchestration,"Batch/workload orchestration (e.g., Control-M).",4,4,4,Coordinating mainframe batch workloads is vital for performance and SLAs; orchestration offers operational efficiency with realistic adoption in 1-2 years.
Ford Mainframe Monitoring Services,AI,AIOps & Intelligent Incident Response,"AI anomaly detection, alert reduction, incident response.",4,4,3,"Utilizing AI for alert noise reduction and incident automation would greatly enhance 24x7 monitoring efficiency, though adoption involves integration complexity."
Ford Mainframe Monitoring Services,Risk & Compliance,Operational Risk & Controls,SLA/change/operational risk controls & reporting.,3,3,4,Ensuring SLA adherence and operational risk tracking is important for service quality and compliance; feasible with current monitoring data and tooling.
Ford Multi-Cloud Workload Orchestrator,Orchestration,Multi-Cloud Workload Orchestration,Coordinate workloads across clouds.,5,5,5,"Core to orchestrating workload scheduling and mobility across AWS, Azure, and on-prem clusters, essential for hybrid cloud efficiency and central to Ford's multi-cloud strategy."
Ford Multi-Cloud Workload Orchestrator,Orchestration,IT Systems Orchestration,"Batch/workload orchestration (e.g., Control-M).",4,4,5,"Critical for managing batch jobs and workload scheduling, improving operational automation and efficiency in multi-cloud contexts."
Ford Multi-Cloud Workload Orchestrator,Modernization,Cloud Migration & Hybrid Ops,Migrate to cloud/hybrid and operate across estates.,4,4,4,Supports the hybrid cloud migration and ongoing operations key to workload mobility and multi-cloud orchestration strategies.
Ford Multi-Cloud Workload Orchestrator,Automation,Dev & Platform Automation,"CI/CD, IaC, containers, platform engineering.",4,3,5,Enables automation of platform and development processes essential for scalable multi-cloud workload deployment and management.
Ford Multi-Cloud Workload Orchestrator,Orchestration,API/Webhook Orchestration,Expose/consume APIs/webhooks to control flows.,3,3,5,API/webhook orchestration facilitates flexible integration and real-time control necessary for effective multi-cloud workload scheduling and mobility.
Ford Operational Risk & Controls Office,Risk & Compliance,Consent Order Remediation & Audit Readiness,"Remediate findings, enforce controls, prove adherence.",5,5,5,Core to their function in control design/testing and issues management; critical for compliance and risk mitigation; feasible given existing processes and priorities.
Ford Operational Risk & Controls Office,AI,AI Risk & Governance,"Model risk mgmt, governance, fairness, compliance.",5,5,4,"This use case directly supports the core responsibilities of Risk & Controls Office in managing risk assessments, compliance, and governance, which are strategic and operational priorities for Ford's operational risk management. Adoption feasibility is high given established fram"
Ford Operational Risk & Controls Office,Risk & Compliance,Operational Risk & Controls,SLA/change/operational risk controls & reporting.,5,4,4,Ensures operational risks are monitored and reported accurately; important to maintain governance and continuous oversight within operations and technology.
Ford Operational Risk & Controls Office,Risk & Compliance,Regulatory Reporting & Evidence,Automate data/controls/evidence for CCAR/DFAST/Basel.,4,4,3,Automating controls and evidence collection reduces manual effort and errors; applicable to compliance-driven assessments and reporting with moderate feasibility.
Ford Operational Risk & Controls Office,Observability,Data Observability,Data quality/lineage/freshness telemetry.,4,3,4,Improves data reliability and trust needed for accurate risk assessments and compliance; helps pinpoint control weaknesses; feasible with mature data monitoring tools.
Centralized IT / Operations Shared Services,Automation,Workflow & Process Automation,"Automate business/IT workflows, approvals, RPA-like tasks.",5,5,5,"Centralized IT operations benefit greatly from automating repetitive workflows to boost efficiency, reduce errors, and lower operational costs with broad feasibility across enterprise shared services."
Centralized IT / Operations Shared Services,Risk & Compliance,Cyber Resilience & Compliance (incl. Security),"Zero Trust, PAM, DR/BCP, policy enforcement.",5,5,4,"Ensuring cybersecurity, disaster recovery, and policy enforcement is fundamental for enterprise-wide IT shared services to protect critical assets and comply with regulations; urgency and strategic need are very high."
Centralized IT / Operations Shared Services,Modernization,Cloud Migration & Hybrid Ops,Migrate to cloud/hybrid and operate across estates.,5,4,4,"Cloud migration is crucial to modernizing shared services, enabling scalability and cost optimization, and is a strategic priority with strong feasibility in a 12-24 month horizon."
Centralized IT / Operations Shared Services,Observability,Hybrid/Cloud Visibility,APM/logs/traces/SLOs across hybrid.,4,5,4,"Observability of hybrid environments is critical for proactive IT operations and incident prevention in centralized shared services, directly addressing operational pain with mature toolsets available."
Centralized IT / Operations Shared Services,Orchestration,Cross-Functional Orchestration,End-to-end process orchestration spanning IT + business.,4,4,4,"Orchestrating integrated IT and business processes centrally improves operational agility and reduces manual coordination, a strategic capability with moderate complexity but realistic adoption timelines."
